City_ID,City,Country,Lat,Lng,Max Temp,Humidity,Cloudiness,Wind Speed,Current Description
0,Kavieng,PG,-2.5744,150.7967,83.07,73,96,14.25,overcast clouds
1,Longyearbyen,SJ,78.2186,15.6401,22.84,74,20,4.61,few clouds
2,Goderich,CA,43.7501,-81.7165,30.9,68,82,13.33,broken clouds
3,Mar Del Plata,AR,-38.0023,-57.5575,59.88,93,75,8.01,fog
4,Kuala Sungai Baru,MY,2.3594,102.0353,78.82,88,100,10.47,light rain
5,Rikitea,PF,-23.1203,-134.9692,77.77,67,18,11.63,few clouds
6,Maun,BW,-19.9833,23.4167,85.59,36,84,7.2,broken clouds
7,Port Hardy,CA,50.6996,-127.4199,41.61,90,100,25.21,light rain
8,Noumea,NC,-22.2763,166.4572,79.0,99,100,1.81,overcast clouds
9,Yuanping,CN,38.7153,112.7575,60.15,28,32,5.41,scattered clouds
10,Salalah,OM,17.0151,54.0924,87.89,70,20,13.8,few clouds
11,San Patricio,US,28.017,-97.5169,77.09,97,4,7.09,clear sky
12,Sterling,US,39.0062,-77.4286,43.9,63,75,5.01,broken clouds
13,Tessalit,ML,20.1986,1.0114,84.61,12,2,9.69,clear sky
14,Vaini,TO,-21.2,-175.2,81.18,79,90,14.12,overcast clouds
15,Sovetskiy,RU,61.3614,63.5842,42.03,61,94,9.46,overcast clouds
16,Pevek,RU,69.7008,170.3133,1.26,100,100,0.85,overcast clouds
17,Merauke,ID,-8.4667,140.3333,81.21,79,100,4.99,overcast clouds
18,Cape Town,ZA,-33.9258,18.4232,81.12,61,0,11.5,clear sky
19,Kaifeng,CN,34.7911,114.3483,59.81,47,74,4.74,broken clouds
20,Cherskiy,RU,68.75,161.3,12.07,96,100,2.8,light snow
21,Hobart,AU,-42.8794,147.3294,56.01,73,100,3.44,overcast clouds
22,Bethel,US,41.3712,-73.414,38.16,80,9,3.09,clear sky
23,Tarrafal,CV,15.2833,-23.7667,77.79,78,12,11.97,few clouds
24,Torbay,CA,47.6666,-52.7314,37.76,90,75,14.97,light rain
25,Shimoda,JP,34.6667,138.95,57.11,95,100,3.58,moderate rain
26,Bolobo,CD,-2.1667,16.2333,88.2,55,93,3.4,overcast clouds
27,Barrow,US,71.2906,-156.7887,-5.44,93,8,7.05,clear sky
28,Coquimbo,CL,-29.9533,-71.3436,53.33,100,100,3.44,overcast clouds
29,Fortuna,US,40.5982,-124.1573,48.97,67,0,14.97,clear sky
30,Saskylakh,RU,71.9167,114.0833,21.45,94,100,18.07,light snow
31,Muros,ES,42.7762,-9.0603,56.84,72,75,14.79,broken clouds
32,Daru,PG,-9.0763,143.2092,76.87,91,99,2.71,overcast clouds
33,Marawi,PH,7.9986,124.2928,70.59,97,98,3.15,light rain
34,Moranbah,AU,-22.0016,148.0466,69.71,77,26,16.98,scattered clouds
35,Adrar,MR,20.5022,-10.0711,89.53,12,27,16.42,scattered clouds
36,Ushuaia,AR,-54.8,-68.3,40.41,94,57,3.09,broken clouds
37,Hilo,US,19.7297,-155.09,70.29,93,100,0.0,moderate rain
38,Nikolskoye,RU,59.7035,30.7861,49.91,59,99,3.96,overcast clouds
39,Atuona,PF,-9.8,-139.0333,78.93,78,58,17.83,broken clouds
40,Puerto Ayora,EC,-0.7393,-90.3518,73.98,94,100,4.09,overcast clouds
41,Carnarvon,AU,-24.8667,113.6333,78.49,56,99,16.6,overcast clouds
42,Mahebourg,MU,-20.4081,57.7,81.25,89,40,16.11,scattered clouds
43,Busselton,AU,-33.65,115.3333,64.22,75,100,5.46,overcast clouds
44,Cabo San Lucas,MX,22.8909,-109.9124,73.51,50,88,10.0,overcast clouds
45,Black River,JM,18.0264,-77.8487,73.27,82,0,3.33,clear sky
46,Port Alfred,ZA,-33.5906,26.891,63.18,97,85,5.01,moderate rain
47,Amga,RU,60.8953,131.9608,29.44,80,100,4.92,overcast clouds
48,Mount Gambier,AU,-37.8333,140.7667,55.96,67,100,5.79,light rain
49,Banda Aceh,ID,5.5577,95.3222,83.93,72,100,7.72,overcast clouds
50,Paungde,MM,18.4833,95.5,99.95,28,0,16.17,clear sky
51,Vila Velha,BR,-20.3297,-40.2925,76.95,70,0,10.36,clear sky
52,Alice Town,BS,25.7167,-79.3,77.32,74,8,11.1,clear sky
53,Mataura,NZ,-46.1927,168.8643,48.47,85,100,2.53,overcast clouds
54,Sorong,ID,-0.8833,131.25,82.15,80,100,8.52,light rain
55,Vanimo,PG,-2.6741,141.3028,79.65,84,99,1.36,overcast clouds
56,Corinth,GR,37.9407,22.9573,52.9,86,100,0.04,overcast clouds
57,Punta Arenas,CL,-53.15,-70.9167,42.08,84,48,6.98,scattered clouds
58,Richards Bay,ZA,-28.783,32.0377,64.49,94,100,8.5,moderate rain
59,Faanui,PF,-16.4833,-151.75,80.55,74,74,9.13,light rain
60,Ilulissat,GL,69.2167,-51.1,15.82,62,75,8.05,broken clouds
61,Ribeira Grande,PT,38.5167,-28.7,59.4,58,75,14.97,broken clouds
62,Ayagoz,KZ,47.9714,80.4392,74.91,12,99,8.08,overcast clouds
63,Ikom,NG,5.9667,8.7063,92.01,56,100,1.39,light rain
64,Jamestown,US,42.097,-79.2353,33.19,56,0,10.36,clear sky
65,Georgetown,MY,5.4112,100.3354,82.33,83,40,4.61,scattered clouds
66,Ola,RU,59.5833,151.2833,23.63,84,100,4.54,overcast clouds
67,Puerto Ayacucho,VE,5.6639,-67.6236,74.07,95,98,3.31,overcast clouds
68,Sao Filipe,CV,14.8961,-24.4956,71.74,76,9,6.33,clear sky
69,Yulara,AU,-25.2406,130.9889,71.13,35,94,17.38,overcast clouds
70,East London,ZA,-33.0153,27.9116,74.26,56,53,11.86,broken clouds
71,Estelle,US,29.8458,-90.1067,73.99,84,40,5.75,scattered clouds
72,Bredasdorp,ZA,-34.5322,20.0403,72.7,55,70,12.82,broken clouds
73,Marzuq,YE,14.4,46.4667,93.52,13,4,13.87,clear sky
74,Grindavik,IS,63.8424,-22.4338,45.07,53,20,4.61,few clouds
75,Larap,PH,14.299,122.6504,76.8,78,21,8.16,few clouds
76,Castro,BR,-24.7911,-50.0119,51.73,94,75,6.82,broken clouds
77,Kaitangata,NZ,-46.2817,169.8464,49.95,81,99,4.34,overcast clouds
78,Te Anau,NZ,-45.4167,167.7167,51.46,92,99,2.51,overcast clouds
79,Mount Isa,AU,-20.7333,139.5,74.97,25,0,0.0,clear sky
80,Arman,RU,59.7,150.1667,21.04,89,100,1.7,overcast clouds
81,Sanguem,IN,15.2333,74.1667,91.22,44,18,10.29,few clouds
82,Albany,US,42.6001,-73.9662,31.73,77,1,1.54,clear sky
83,Ayan,RU,56.45,138.1667,27.66,93,34,9.28,scattered clouds
84,Babu,CN,24.4167,111.5167,58.64,91,100,4.41,overcast clouds
85,Surt,LY,31.2089,16.5887,65.34,63,8,15.68,clear sky
86,Bengkulu,ID,-3.8004,102.2655,78.98,87,100,7.27,moderate rain
87,Port-Cartier,CA,50.0334,-66.8654,27.75,62,12,16.69,few clouds
88,Lagoa,PT,39.05,-27.9833,56.93,69,100,17.13,overcast clouds
89,Klaksvik,FO,62.2266,-6.589,49.12,97,100,20.29,overcast clouds
90,Neka,IR,36.6508,53.299,67.96,44,3,8.99,clear sky
91,Yumen,CN,40.2833,97.2,59.05,11,1,10.18,clear sky
92,Talnakh,RU,69.4865,88.3972,18.21,94,100,10.22,light snow
93,Souillac,MU,-20.5167,57.5167,80.98,89,40,16.11,light rain
94,Touros,BR,-5.1989,-35.4608,82.22,74,99,9.33,overcast clouds
95,Bilibino,RU,68.0546,166.4372,6.66,99,69,5.08,broken clouds
96,Belmonte,BR,-15.8631,-38.8828,78.33,73,99,12.44,overcast clouds
97,Denpasar,ID,-8.65,115.2167,83.86,83,75,4.61,broken clouds
98,Charters Towers,AU,-20.1,146.2667,72.14,69,63,13.85,broken clouds
99,Kapaa,US,22.0752,-159.319,71.11,79,65,1.01,broken clouds
100,Lumphat,KH,13.4878,106.9816,86.56,43,81,7.43,broken clouds
101,Bogale,MM,16.2833,95.4,93.56,43,0,15.82,clear sky
102,Bluff,NZ,-46.6,168.3333,48.79,82,100,6.26,overcast clouds
103,Matay,EG,28.419,30.7792,89.6,19,96,11.41,overcast clouds
104,Hermanus,ZA,-34.4187,19.2345,72.81,53,50,10.67,scattered clouds
105,Severo-Kurilsk,RU,50.6789,156.125,29.75,92,78,5.01,broken clouds
106,Lata,PT,40.1629,-8.3327,58.82,54,38,7.27,scattered clouds
107,Karagaylinskiy,RU,54.172,86.5521,59.34,65,100,10.78,overcast clouds
108,Avarua,CK,-21.2078,-159.775,69.85,100,36,2.3,scattered clouds
109,Nanortalik,GL,60.1432,-45.2371,30.6,74,9,10.07,clear sky
110,Tiksi,RU,71.6872,128.8694,8.19,98,100,2.33,overcast clouds
111,Lunenburg,CA,44.3835,-64.3155,41.05,77,35,17.11,scattered clouds
112,Chokurdakh,RU,70.6333,147.9167,-0.58,98,76,5.61,broken clouds
113,Meybod,IR,32.2501,54.0166,72.21,12,0,9.64,clear sky
114,Imbituba,BR,-28.24,-48.6703,62.85,74,23,3.06,few clouds
115,Ponta Do Sol,PT,32.6667,-17.1,68.13,68,11,10.83,few clouds
116,Komsomolskiy,UZ,40.4272,71.7189,84.92,21,90,9.22,overcast clouds
117,Botwood,CA,49.1499,-55.3482,38.89,76,90,14.97,overcast clouds
118,Airai,TL,-8.9266,125.4092,62.89,96,99,2.8,overcast clouds
119,Harlingen,US,26.1906,-97.6961,76.05,96,100,4.61,overcast clouds
120,Port Elizabeth,ZA,-33.918,25.5701,72.1,69,95,3.0,overcast clouds
121,Newtownards,GB,54.5924,-5.6909,54.52,53,40,10.36,scattered clouds
122,Kalinovskaya,RU,43.5758,45.5192,67.28,32,92,7.7,overcast clouds
123,Lebu,CL,-37.6167,-73.65,51.13,85,64,3.18,broken clouds
124,Vao,NC,-22.6667,167.4833,76.91,70,100,2.84,overcast clouds
125,Tokur,RU,53.1333,132.9,23.25,92,100,4.29,overcast clouds
126,Mto Wa Mbu,TZ,-3.35,35.85,81.52,54,90,5.32,overcast clouds
127,Novopavlovka,RU,51.2172,109.2091,59.72,31,5,4.94,clear sky
128,Micheweni,TZ,-4.9667,39.8333,84.79,69,29,13.47,scattered clouds
129,Leningradskiy,RU,69.3833,178.4167,23.88,96,100,9.46,overcast clouds
130,Yellowknife,CA,62.456,-114.3525,-2.18,98,88,5.93,overcast clouds
131,Linqiong,CN,30.4159,103.4609,62.15,65,100,4.56,overcast clouds
132,Sumkino,RU,58.1108,68.3244,42.55,40,19,2.98,few clouds
133,Bambous Virieux,MU,-20.3428,57.7575,82.22,89,40,16.11,moderate rain
134,Sayat,TM,38.7839,63.8803,60.85,68,100,14.29,overcast clouds
135,Coahuayana,MX,18.7333,-103.6833,68.95,90,35,2.84,scattered clouds
136,Eregli,TR,37.5133,34.0467,77.25,21,19,35.84,few clouds
137,Neon Soulion,GR,41.1,23.65,50.05,77,100,1.01,overcast clouds
138,Tallahassee,US,30.4383,-84.2807,64.67,97,40,3.44,scattered clouds
139,Kassala,SD,15.451,36.4,104.41,12,4,3.74,clear sky
140,San Ignacio,BZ,17.1561,-89.0714,69.94,94,0,0.0,clear sky
141,Hangu,CN,39.2489,117.7892,60.84,40,13,9.89,few clouds
142,Hailey,US,43.5196,-114.3153,31.86,67,0,6.91,clear sky
143,Umm Lajj,SA,25.0213,37.2685,88.54,40,17,12.26,few clouds
144,Krasnoselkup,RU,65.7,82.4667,23.85,82,100,16.73,overcast clouds
145,Saint Marys,US,30.7305,-81.5465,69.91,93,100,5.99,overcast clouds
146,Mitsamiouli,KM,-11.3847,43.2844,84.22,66,2,3.11,clear sky
147,Hasaki,JP,35.7333,140.8333,59.4,93,100,12.3,overcast clouds
148,Jumla,NP,29.2747,82.1838,70.18,21,73,9.19,broken clouds
149,Vershino-Darasunskiy,RU,52.35,115.5167,54.03,34,98,13.96,overcast clouds
150,Bubaque,GW,11.2833,-15.8333,74.95,67,49,3.67,scattered clouds
151,Dharchula,IN,29.85,80.5333,89.28,10,7,6.26,clear sky
152,Port Hedland,AU,-20.3167,118.5667,91.45,22,17,8.05,few clouds
153,Kavaratti,IN,10.5669,72.642,85.08,67,53,5.55,broken clouds
154,Lithakia,GR,37.7167,20.8333,60.08,82,75,10.36,broken clouds
155,Ajdabiya,LY,30.7554,20.2263,68.25,56,1,17.43,clear sky
156,Intipuca,SV,13.1969,-88.0544,79.16,75,98,1.9,overcast clouds
157,Deputatskiy,RU,69.3,139.9,5.67,98,92,3.36,overcast clouds
158,Zhoucheng,CN,35.9122,116.3117,55.35,71,44,6.78,scattered clouds
159,Orange Cove,US,36.6244,-119.3137,54.68,58,97,2.24,overcast clouds
160,Ambilobe,MG,-13.2,49.05,86.13,60,100,3.62,overcast clouds
161,Thompson,CA,55.7435,-97.8558,11.55,97,72,2.68,broken clouds
162,Broome,US,42.2506,-75.833,30.0,76,0,4.61,clear sky
163,Victoria,HK,22.2855,114.1577,72.25,79,97,8.99,overcast clouds
164,Roma,US,43.2128,-75.4557,30.87,91,0,6.91,clear sky
165,Sinjar,IQ,36.3209,41.8754,80.33,15,99,1.45,overcast clouds
166,Ruwi,OM,23.5996,58.5507,91.09,37,9,7.23,clear sky
167,New Norfolk,AU,-42.7826,147.0587,55.65,59,95,1.61,overcast clouds
168,Wonthaggi,AU,-38.6044,145.5913,58.82,92,100,5.28,moderate rain
169,Tuktoyaktuk,CA,69.4541,-133.0374,-6.83,100,70,5.75,broken clouds
170,Saint-Philippe,RE,-21.3585,55.7679,85.12,84,32,9.69,light rain
171,Verkhnyaya Inta,RU,65.9811,60.3094,34.39,98,100,17.11,light snow
172,Itamaraca,BR,-7.7478,-34.8256,84.25,64,87,6.13,overcast clouds
173,Ahipara,NZ,-35.1667,173.1667,67.96,91,100,9.26,overcast clouds
174,Saint-Joseph,RE,-21.3667,55.6167,84.11,83,28,4.59,light rain
175,Butaritari,KI,3.0707,172.7902,81.48,77,10,13.47,clear sky
176,Isangel,VU,-19.55,169.2667,78.46,87,100,7.4,light rain
177,Kampot,KH,10.6167,104.1833,75.25,72,89,3.71,light rain
178,Yeroham,IL,30.9872,34.9314,84.83,22,100,18.61,overcast clouds
179,Honiara,SB,-9.4333,159.95,77.76,88,87,4.43,moderate rain
180,Walvis Bay,NA,-22.9575,14.5053,74.57,49,57,7.83,broken clouds
181,Chuy,UY,-33.6971,-53.4616,61.83,86,100,5.17,overcast clouds
182,Gasa,PS,31.5,34.4667,71.83,63,100,11.59,overcast clouds
183,Santa Cruz,BO,-17.8,-63.1667,67.46,63,40,11.5,scattered clouds
184,Luena,AO,-11.7833,19.9167,74.34,71,98,6.31,light rain
185,Saint George,US,37.1041,-113.5841,54.19,20,0,3.44,clear sky
186,Kongolo,CD,-5.3833,27.0,88.61,49,8,6.98,clear sky
187,Korla,CN,41.7597,86.1469,71.28,9,0,10.33,clear sky
188,Marshall,US,34.3834,-86.3333,61.41,93,100,4.61,overcast clouds
189,Bell Ville,AR,-32.6259,-62.6887,52.54,86,0,6.58,clear sky
190,Port Moresby,PG,-9.4431,147.1797,78.96,86,98,3.83,overcast clouds
191,Faya,SA,18.3851,42.4509,79.32,19,5,10.8,clear sky
192,Gat,IL,31.61,34.7642,84.88,47,100,9.46,overcast clouds
193,Upernavik,GL,72.7868,-56.1549,-1.17,89,100,8.41,overcast clouds
194,Miraflores,MX,19.2167,-98.8083,66.02,39,47,2.48,scattered clouds
195,Ostrovnoy,RU,68.0531,39.5131,35.04,100,100,11.39,overcast clouds
196,Kupang,ID,-10.1667,123.5833,80.46,83,99,6.53,overcast clouds
197,Arraial Do Cabo,BR,-22.9661,-42.0278,69.66,88,75,8.05,broken clouds
198,Tiarei,PF,-17.5333,-149.3333,77.02,73,7,5.77,clear sky
199,Taonan,CN,45.3333,122.7833,62.04,22,60,14.43,broken clouds
200,Meulaboh,ID,4.1363,96.1285,79.81,87,100,10.85,moderate rain
201,Hithadhoo,MV,-0.6,73.0833,84.09,71,44,6.51,scattered clouds
202,Saldanha,ZA,-33.0117,17.9442,67.03,53,15,9.89,few clouds
203,Ulladulla,AU,-35.35,150.4667,58.77,77,100,6.08,overcast clouds
204,Asmara,ER,15.3333,38.9333,75.24,26,0,11.95,clear sky
205,Waipawa,NZ,-41.4122,175.5153,52.74,87,3,10.18,clear sky
206,Kalmunai,LK,7.4167,81.8167,85.41,71,93,10.07,overcast clouds
207,Nuuk,GL,64.1835,-51.7216,23.61,80,75,6.91,broken clouds
208,Boundiali,CI,9.5217,-6.4869,85.6,52,100,7.43,overcast clouds
209,Cidreira,BR,-30.1811,-50.2056,66.47,76,36,9.73,scattered clouds
210,Chapais,CA,49.7834,-74.8492,20.98,96,94,2.33,overcast clouds
211,Esperance,AU,-33.8667,121.9,62.04,70,35,7.99,scattered clouds
212,Lavrentiya,RU,65.5833,-171.0,30.69,98,100,9.08,light snow
213,Hualmay,PE,-11.0964,-77.6139,64.33,92,24,6.78,few clouds
214,Tasiilaq,GL,65.6145,-37.6368,33.8,96,100,2.48,overcast clouds
215,Havelock,US,34.8791,-76.9013,64.92,78,100,14.0,overcast clouds
216,Zhanakorgan,KZ,43.9098,67.2495,80.08,22,100,21.27,overcast clouds
217,Axim,GH,4.8699,-2.2405,84.9,69,100,9.75,overcast clouds
218,Charagua,BO,-19.8,-63.2167,49.57,66,0,3.2,clear sky
219,Puerto Carreno,CO,6.189,-67.4859,75.54,91,100,5.19,light rain
220,Coihaique,CL,-45.5752,-72.0662,50.61,81,0,6.91,clear sky
221,Coolum Beach,AU,-26.5333,153.1,68.22,88,15,5.59,few clouds
222,Vrangel,RU,42.7297,133.0839,43.47,58,14,9.08,few clouds
223,Half Moon Bay,US,37.4636,-122.4286,47.32,81,0,5.75,clear sky
224,Hoi An,VN,15.8794,108.335,78.76,87,97,7.94,overcast clouds
225,Tazovskiy,RU,67.4667,78.7,22.84,92,100,19.77,overcast clouds
226,Price,US,39.5994,-110.8107,36.66,48,0,8.05,clear sky
227,Blackwater,AU,-23.5833,148.8833,69.04,62,0,11.45,clear sky
228,Emerald,AU,-23.5333,148.1667,73.35,42,0,11.45,clear sky
229,Qaanaaq,GL,77.484,-69.3632,-15.77,66,0,5.61,clear sky
230,Khatanga,RU,71.9667,102.5,12.67,90,100,13.09,overcast clouds
231,Kosa,RU,59.9445,54.9977,41.65,54,69,3.24,broken clouds
232,Soyo,AO,-6.1349,12.3689,83.26,77,93,7.09,light rain
233,Dikson,RU,73.5069,80.5464,10.89,90,100,15.26,overcast clouds
234,Kokopo,PG,-4.352,152.2633,79.3,83,100,4.74,overcast clouds
235,Srednekolymsk,RU,67.45,153.6833,22.24,92,100,6.78,overcast clouds
236,Flinders,AU,-34.5833,150.8552,67.17,84,100,5.01,overcast clouds
237,Petropavlovsk-Kamchatskiy,RU,53.0452,158.6483,26.78,58,34,12.24,scattered clouds
238,Neftcala,AZ,39.3742,49.2472,60.48,63,0,15.41,clear sky
239,Channel-Port Aux Basques,CA,47.5702,-59.1367,33.33,97,82,30.49,broken clouds
240,Alofi,NU,-19.0595,-169.9187,76.89,94,40,4.61,scattered clouds
241,Bardiyah,LY,31.7561,25.0865,68.74,51,0,7.63,clear sky
242,Kodiak,US,57.79,-152.4072,35.87,77,98,11.59,overcast clouds
243,Ancud,CL,-41.8697,-73.8203,51.22,93,93,5.39,overcast clouds
244,Aksu,CN,41.1231,80.2644,73.38,9,0,4.12,clear sky
245,Norman Wells,CA,65.282,-126.8329,-0.24,97,36,3.91,scattered clouds
246,Ibi,ES,38.6253,-0.5723,67.35,58,100,6.96,overcast clouds
247,Vanavara,RU,60.34,102.2797,29.41,70,100,13.13,overcast clouds
248,Tuatapere,NZ,-46.1333,167.6833,50.61,90,100,5.35,overcast clouds
249,Bathsheba,BB,13.2167,-59.5167,79.41,73,40,17.27,scattered clouds
250,Mumford,GH,5.2618,-0.759,80.19,81,100,6.4,moderate rain
251,Dudinka,RU,69.4058,86.1778,18.63,95,100,15.55,light snow
252,Burnie,AU,-41.0667,145.9167,58.91,68,100,3.87,overcast clouds
253,Corrientes,AR,-27.4806,-58.8341,59.99,97,0,1.01,clear sky
254,Naples,IT,40.8333,14.25,63.12,33,0,10.36,clear sky
255,Assai,BR,-23.3733,-50.8414,62.46,84,24,7.61,few clouds
256,Lorengau,PG,-2.0226,147.2712,82.78,75,41,9.93,scattered clouds
257,Smolenka,RU,52.1352,113.4974,64.47,13,99,15.66,overcast clouds
258,Kaeo,NZ,-35.1,173.7833,69.33,98,100,11.97,overcast clouds
259,Leh,IN,34.1667,77.5833,50.54,25,21,6.53,few clouds
260,Ust-Nera,RU,64.5667,143.2,4.86,95,46,3.13,scattered clouds
261,Baia De Fier,RO,45.1667,23.7667,42.24,70,72,6.89,broken clouds
262,Tecoanapa,MX,16.5167,-98.75,74.44,66,81,2.84,broken clouds
263,Maniitsoq,GL,65.4167,-52.9,19.11,91,100,10.4,light snow
264,Quesnel,CA,52.9999,-122.5029,31.71,70,100,0.56,overcast clouds
265,Vila Franca Do Campo,PT,37.7167,-25.4333,59.41,63,89,13.65,overcast clouds
266,Sinnamary,GF,5.3833,-52.95,77.95,87,95,8.46,overcast clouds
267,Opuwo,NA,-18.0607,13.84,85.6,38,12,14.29,few clouds
268,Yar-Sale,RU,66.8333,70.8333,33.24,87,100,19.71,overcast clouds
269,Adre,TD,13.4667,22.2,92.53,28,89,7.74,overcast clouds
270,Matamoros,MX,25.5333,-103.25,69.58,62,28,4.74,scattered clouds
271,Zonguldak,TR,41.25,31.8333,47.25,90,100,4.56,overcast clouds
272,Portland,US,45.5234,-122.6762,50.04,72,100,6.91,overcast clouds
273,Yenotayevka,RU,47.2456,47.0281,69.76,31,100,23.49,overcast clouds
274,Saint-Pierre,RE,-21.3393,55.4781,85.19,78,100,5.75,overcast clouds
275,Cowra,AU,-33.8333,148.6833,62.44,59,100,4.18,overcast clouds
276,Ijui,BR,-28.3878,-53.9147,58.84,84,39,4.21,scattered clouds
277,Papayal,PE,-4.0761,-80.7361,68.27,75,85,3.62,overcast clouds
278,Kathu,TH,7.9178,98.3332,80.42,72,100,3.09,overcast clouds
279,Guerrero,MX,17.6667,-100.0,69.94,32,98,4.45,overcast clouds
280,Cockburn Town,TC,21.4612,-71.1419,77.7,81,99,20.47,overcast clouds
281,Mahon,ES,39.8885,4.2658,68.56,45,0,4.61,clear sky
282,Xiongzhou,CN,25.1167,114.3,56.26,95,100,3.13,overcast clouds
283,Boden,SE,65.8252,21.6886,42.8,99,100,2.37,overcast clouds
284,College,US,64.8569,-147.8028,21.18,61,0,8.05,clear sky
285,Taseyevo,RU,57.2169,94.8978,37.81,67,100,10.45,overcast clouds
286,Novyy Urengoy,RU,66.0833,76.6333,27.34,89,98,17.81,overcast clouds
287,Lamu,KE,-2.2717,40.902,84.0,74,84,13.56,light rain
288,Berwick,US,41.0545,-76.2333,37.31,82,41,3.89,scattered clouds
289,North Myrtle Beach,US,33.816,-78.68,61.05,93,100,6.91,mist
290,Ranfurly,NZ,-45.1333,170.1,49.33,71,96,3.02,overcast clouds
291,North Vanlaiphai,IN,23.1333,93.0667,75.96,41,52,5.48,broken clouds
292,Shubarkuduk,KZ,49.1447,56.4872,66.78,31,36,4.18,scattered clouds
293,Troitskoye,RU,52.9821,84.6757,63.79,49,100,8.88,overcast clouds
294,Urumqi,CN,43.801,87.6005,79.75,5,0,15.66,clear sky
295,Atambua,ID,-9.1061,124.8925,75.85,89,77,3.62,broken clouds
296,Bayonet Point,US,28.3267,-82.6834,74.95,94,68,1.99,broken clouds
297,Aginskoye,RU,51.1,114.53,59.95,33,81,8.63,broken clouds
298,Haines Junction,CA,60.7522,-137.5108,12.67,87,91,3.44,overcast clouds
299,Hendaye,FR,43.3717,-1.7738,61.27,76,75,5.75,broken clouds
300,Katsuura,JP,35.1333,140.3,59.02,94,100,12.35,overcast clouds
301,Avera,US,33.194,-82.5271,64.54,98,100,6.4,light rain
302,Komatipoort,ZA,-25.4332,31.9548,64.85,95,100,4.85,moderate rain
303,Diffa,NE,13.3154,12.6113,96.35,23,97,15.48,overcast clouds
304,Pimenteiras,BR,-6.2453,-41.4192,75.6,88,75,3.76,broken clouds
305,Chibuto,MZ,-24.6867,33.5306,71.33,88,99,12.26,light rain
306,San Carlos,VE,9.6612,-68.5827,74.1,84,99,1.81,light rain
307,Dalianwan,CN,39.0286,121.695,60.84,20,0,4.47,clear sky
308,Lasa,IT,46.6166,10.7002,55.36,60,8,5.57,clear sky
309,Margate,GB,51.3813,1.3862,60.31,72,89,3.74,overcast clouds
310,Narsaq,GL,60.9167,-46.05,34.02,73,19,5.97,few clouds
311,Beringovskiy,RU,63.05,179.3167,26.44,99,100,4.43,light snow
312,Sao Benedito Do Rio Preto,BR,-3.3336,-43.5283,77.63,90,99,1.41,overcast clouds
313,Sur,OM,22.5667,59.5289,88.12,50,0,6.96,clear sky
314,Vostok,RU,46.4856,135.8833,27.01,73,37,4.45,scattered clouds
315,Moron,AR,-34.6534,-58.6198,64.15,91,99,5.44,overcast clouds
316,Biloxi,US,30.396,-88.8853,68.05,90,20,0.0,few clouds
317,Udgir,IN,18.3833,77.1167,101.73,11,22,8.28,few clouds
318,Secunda,ZA,-26.55,29.1667,64.33,69,55,1.99,broken clouds
319,Lima,PE,-12.0432,-77.0282,57.45,94,100,3.44,light intensity drizzle
320,Sobolevo,RU,54.4299,31.8996,40.6,87,100,14.2,light rain
321,Dawlatabad,AF,36.4141,64.9053,58.32,78,94,12.53,light rain
322,Rocha,UY,-34.4833,-54.3333,59.59,86,100,3.13,overcast clouds
323,Lincoln,US,40.8,-96.667,37.56,51,40,19.57,scattered clouds
324,Nuevo Progreso,MX,23.1667,-97.95,73.47,81,54,1.99,broken clouds
325,Zharkent,KZ,44.1628,80.0,84.42,9,19,8.93,few clouds
326,Dunedin,NZ,-45.8742,170.5036,55.8,73,100,4.43,overcast clouds
327,Port Hawkesbury,CA,45.6169,-61.3485,39.18,87,30,10.0,scattered clouds
328,Yashkino,RU,55.8736,85.4265,43.09,56,100,6.91,overcast clouds
329,Zeerust,ZA,-25.5369,26.0751,72.46,36,4,9.24,clear sky
330,Olafsvik,IS,64.8945,-23.7142,41.34,71,65,5.26,broken clouds
331,Morondava,MG,-20.2833,44.2833,85.48,69,2,9.62,clear sky
332,Brae,GB,60.3964,-1.353,48.29,85,46,21.3,scattered clouds
333,Teruel,ES,40.6667,-0.6667,59.49,45,75,3.51,broken clouds
334,Bandarbeyla,SO,9.4942,50.8122,88.29,58,7,14.67,clear sky
335,Itaituba,BR,-4.2761,-55.9836,72.99,100,100,1.52,overcast clouds
336,Adria,IT,45.0564,12.0578,63.14,44,16,8.28,few clouds
337,Saint-Augustin,CA,51.226,-58.6502,33.22,88,99,18.57,overcast clouds
338,Skala Fourkas,GR,39.9998,23.3841,51.55,63,100,13.76,overcast clouds
339,Anadyr,RU,64.75,177.4833,32.49,92,100,12.62,light snow
340,Chernyshevskiy,RU,63.0128,112.4714,23.31,92,100,12.33,light snow
341,Pahrump,US,36.2083,-115.9839,65.77,15,83,8.14,broken clouds
342,Springbok,ZA,-29.6643,17.8865,80.76,17,0,12.71,clear sky
343,Cayenne,GF,4.9333,-52.3333,82.09,1,75,7.0,broken clouds
344,Graaff-Reinet,ZA,-32.2522,24.5308,69.93,53,39,4.68,scattered clouds
345,Tymovskoye,RU,50.8456,142.655,24.73,95,64,0.92,broken clouds
346,Marondera,ZW,-18.1853,31.5519,70.07,60,64,5.14,light rain
347,Jos,NG,9.9167,8.9,69.33,72,100,3.04,light rain
348,Makakilo City,US,21.3469,-158.0858,71.92,66,20,6.91,few clouds
349,Mattoon,US,39.4831,-88.3728,38.64,87,100,13.8,overcast clouds
350,Katherine,AU,-14.4667,132.2667,86.32,42,38,0.0,scattered clouds
351,Iqaluit,CA,63.7506,-68.5145,-19.7,95,57,2.04,broken clouds
352,Turukhansk,RU,65.8167,87.9833,22.8,79,100,13.98,overcast clouds
353,Clyde River,CA,70.4692,-68.5914,-18.17,76,20,2.3,light snow
354,Nome,US,64.5011,-165.4064,33.87,64,100,18.41,overcast clouds
355,Itarema,BR,-2.9248,-39.9167,78.73,87,93,4.38,overcast clouds
356,Carutapera,BR,-1.195,-46.02,77.45,92,99,1.43,overcast clouds
357,Upington,ZA,-28.4478,21.2561,78.08,25,11,6.4,few clouds
358,Karpathos,GR,35.507,27.2132,67.96,60,40,13.8,scattered clouds
359,Inuvik,CA,68.3499,-133.7218,-6.12,95,9,4.45,clear sky
360,Port Lincoln,AU,-34.7333,135.8667,60.8,67,50,13.51,light rain
361,Abaza,RU,52.655,90.0928,65.52,31,100,7.18,overcast clouds
362,Hit,IQ,33.6416,42.8251,89.1,8,58,3.04,broken clouds
363,Anloga,GH,5.7947,0.8973,78.1,86,100,3.6,moderate rain
364,Atar,MR,20.5169,-13.0499,97.05,8,57,14.45,broken clouds
365,Shenjiamen,CN,29.9576,122.298,55.74,74,100,5.59,overcast clouds
366,Sao Raimundo Das Mangabeiras,BR,-7.0219,-45.4811,76.15,88,100,2.46,overcast clouds
367,Kysyl-Syr,RU,63.8986,122.7617,33.06,99,100,4.29,light snow
368,Xuanwu,CN,32.069,118.8138,62.74,62,98,5.99,overcast clouds
369,Celica,EC,-4.1167,-79.95,56.98,96,91,1.12,overcast clouds
370,San Quintin,MX,30.4833,-115.95,57.65,92,37,8.7,scattered clouds
371,Puertollano,ES,38.6871,-4.1073,76.15,39,43,9.13,scattered clouds
372,Vardo,NO,70.3705,31.1107,37.38,93,75,16.11,moderate rain
373,Miramar,US,25.9873,-80.2323,78.03,87,0,6.91,clear sky
374,Vorobyevka,RU,50.6451,40.9245,62.11,51,100,15.01,light rain
375,Safaga,EG,26.7292,33.9365,85.55,39,83,12.17,broken clouds
376,Luang Prabang,LA,19.8856,102.1347,77.59,84,75,1.28,broken clouds
377,Roald,NO,62.5833,6.1333,58.12,58,0,10.36,clear sky
378,Seddon,AU,-37.8068,144.8916,62.29,92,75,6.91,broken clouds
379,Tura,IN,25.5198,90.2201,87.22,51,23,2.06,few clouds
380,Matara,LK,5.9485,80.5353,85.69,69,100,10.8,overcast clouds
381,Chiang Rai,TH,19.9167,99.9167,88.3,77,24,1.99,few clouds
382,Lokosovo,RU,61.1333,74.8167,33.03,74,64,10.18,broken clouds
383,Ixtapa,MX,20.7,-105.2,65.23,82,75,0.0,broken clouds
384,Kismayo,SO,-0.3582,42.5454,87.78,62,95,15.17,overcast clouds
385,Curuca,BR,-0.7289,-47.8481,76.42,93,100,0.74,overcast clouds
386,Amapa,BR,1.0,-52.0,73.65,97,100,1.74,overcast clouds
387,Yantai,CN,37.5333,121.4,54.23,59,99,2.59,overcast clouds
388,Namibe,AO,-15.1961,12.1522,84.54,58,74,7.36,broken clouds
389,Atasu,KZ,48.6814,71.6433,76.66,13,100,10.96,overcast clouds
390,Denia,ES,38.8408,0.1057,73.8,75,100,7.0,overcast clouds
391,Oktyabrskoye,RU,43.0645,44.7417,73.54,31,94,8.95,overcast clouds
392,Draguignan,FR,43.5333,6.4667,66.58,45,23,3.44,few clouds
393,Bakchar,RU,57.0186,82.0711,41.76,44,100,5.7,overcast clouds
394,Pisco,PE,-13.7,-76.2167,59.05,88,0,0.0,mist
395,Katobu,ID,-4.9408,122.5276,77.25,91,100,2.53,overcast clouds
396,Goregaon,IN,18.1667,73.3,95.05,37,4,13.51,clear sky
397,Popondetta,PG,-8.7537,148.2534,74.28,97,100,2.71,light rain
398,Stornoway,GB,58.2093,-6.3865,51.04,72,20,28.77,few clouds
399,Mackenzie,CA,55.2999,-123.1698,18.91,81,89,5.99,overcast clouds
400,Erenhot,CN,43.6475,111.9767,59.13,18,0,13.0,clear sky
401,Sonoita,MX,31.85,-112.8333,68.23,13,1,3.6,clear sky
402,Wuning,CN,29.2589,120.2311,56.1,90,100,2.8,overcast clouds
403,Preston,GB,53.7667,-2.7167,57.33,72,100,3.0,overcast clouds
404,Balakirevo,RU,56.5059,38.8432,46.2,47,55,7.45,broken clouds
405,Kerema,PG,-7.9631,145.7785,79.65,87,49,4.07,scattered clouds
406,Santa Rosa,PH,14.3122,121.1114,86.11,70,15,13.8,few clouds
407,Pokosnoye,RU,55.5258,101.0536,42.37,83,100,12.08,overcast clouds
408,Belle Fourche,US,44.6714,-103.8522,34.54,46,3,4.72,clear sky
409,The Valley,AI,18.217,-63.0578,78.66,78,40,16.11,scattered clouds
410,La Ronge,CA,55.1001,-105.2842,16.47,97,78,3.69,broken clouds
411,Timra,SE,62.487,17.3257,53.28,58,100,6.91,overcast clouds
412,Sheridan,US,44.8333,-106.9173,31.32,78,100,0.0,overcast clouds
413,Masty,BY,53.4122,24.5387,44.92,49,99,15.95,overcast clouds
414,Eagle Pass,US,28.7091,-100.4995,73.24,80,3,11.61,clear sky
415,Zlotow,PL,53.3635,17.0408,50.59,39,79,7.45,broken clouds
416,Chumikan,RU,54.7183,135.315,26.91,89,56,4.23,broken clouds
417,Lyngdal,NO,58.1376,7.07,52.0,53,6,10.71,clear sky
418,Fuerte Olimpo,PY,-21.0415,-57.8738,64.9,68,0,2.89,clear sky
419,Dalnerechensk,RU,45.9339,133.7225,45.93,34,80,6.69,broken clouds
420,Champerico,GT,14.3,-91.9167,80.76,75,78,6.87,broken clouds
421,Sao Joao Da Barra,BR,-21.6403,-41.0511,71.69,80,9,11.68,clear sky
422,Calama,CL,-22.4667,-68.9333,39.69,13,0,25.32,clear sky
423,Grand Gaube,MU,-20.0064,57.6608,82.38,84,24,7.0,few clouds
424,Akdepe,TM,42.0551,59.3788,72.18,28,99,10.69,overcast clouds
425,Ekhabi,RU,53.5102,142.9671,23.95,91,22,7.74,few clouds
426,Ellensburg,US,46.9965,-120.5479,39.97,74,100,3.0,overcast clouds
427,Bosaso,SO,11.2842,49.1816,91.85,51,0,13.33,clear sky
428,Zhigansk,RU,66.7697,123.3711,30.85,96,100,26.96,light snow
429,Houma,US,29.5958,-90.7195,73.4,93,75,4.61,broken clouds
430,Kuzino,RU,57.0224,59.4412,34.21,97,100,6.4,light snow
431,Sabya,SA,17.1495,42.6254,96.66,37,0,16.46,clear sky
432,Egvekinot,RU,66.3167,-179.1667,25.12,98,100,4.79,snow
433,Bar-Le-Duc,FR,48.75,5.1667,60.22,51,100,7.81,overcast clouds
434,Nova Floresta,BR,-6.4553,-36.2033,74.05,77,97,10.42,overcast clouds
435,Great Yarmouth,GB,52.6083,1.7305,62.1,72,49,3.18,scattered clouds
436,Robe,AU,-37.1833,139.75,57.22,76,80,14.41,broken clouds
437,Tacuarembo,UY,-31.7333,-55.9833,57.81,84,99,5.12,overcast clouds
438,Husavik,IS,66.0449,-17.3389,39.43,97,100,4.14,overcast clouds
439,Geraldton,AU,-28.7667,114.6,70.21,68,0,18.41,clear sky
440,Darnah,LY,32.767,22.6367,67.71,54,1,25.17,clear sky
441,Kropotkin,RU,45.4375,40.5756,77.67,39,61,14.09,broken clouds
442,Thiadiaye,SN,14.4205,-16.7056,77.81,21,5,13.78,clear sky
443,Kamina,CD,-8.7386,24.9906,81.01,56,2,7.76,clear sky
444,Hami,CN,42.8,93.45,71.08,8,0,6.51,clear sky
445,Kurilsk,RU,45.2333,147.8833,38.61,88,100,4.85,moderate rain
446,Lebedyan,RU,53.0194,39.1664,44.6,86,100,10.56,light rain
447,Asfi,MA,32.2994,-9.2372,68.29,67,100,12.84,overcast clouds
448,Koumac,NC,-20.5667,164.2833,74.66,82,100,5.1,overcast clouds
449,Bukachacha,RU,52.9833,116.9167,54.55,41,100,5.55,overcast clouds
450,Potosi,BO,-19.5836,-65.7531,32.86,75,40,0.0,scattered clouds
451,Plastun,RU,44.7561,136.2939,41.2,54,44,4.61,scattered clouds
452,Hyeres,FR,43.1167,6.1167,68.49,55,0,8.05,clear sky
453,Wajima,JP,37.4,136.9,55.33,63,100,4.83,overcast clouds
454,Codrington,AU,-38.2667,141.9667,56.28,85,100,9.06,moderate rain
455,Tres Arroyos,AR,-38.3739,-60.2798,52.54,86,32,8.77,scattered clouds
456,Chocen,CZ,50.0016,16.223,55.47,29,89,11.79,overcast clouds
457,Abu Dhabi,AE,24.4667,54.3667,86.11,23,0,14.97,clear sky
458,Kununurra,AU,-15.7667,128.7333,85.98,70,49,3.44,scattered clouds
459,Athabasca,CA,54.7169,-113.2854,24.69,93,61,6.46,broken clouds
460,Tilichiki,RU,60.4667,166.1,8.98,95,28,5.55,scattered clouds
461,Ialibu,PG,-6.2821,143.9935,58.41,99,100,1.57,moderate rain
462,Pianoro,IT,44.393,11.3423,61.23,40,0,4.61,clear sky
463,Sakakah,SA,29.9697,40.2064,94.57,6,100,9.53,overcast clouds
464,Provideniya,RU,64.3833,-173.3,30.38,97,100,10.11,snow
465,Usinsk,RU,65.9939,57.5281,34.93,100,100,9.28,light snow
466,Viedma,AR,-40.8135,-62.9967,55.18,79,42,12.3,scattered clouds
467,Ust-Maya,RU,60.4167,134.5333,29.37,77,90,7.87,overcast clouds
468,Kitimat,CA,54.0524,-128.6534,39.58,67,100,5.3,overcast clouds
469,Buala,SB,-8.145,159.5921,80.11,83,100,5.1,light rain
470,Puerto Escondido,MX,15.85,-97.0667,76.03,88,40,6.91,scattered clouds
471,Borogontsy,RU,62.6683,131.1683,31.01,75,100,11.97,overcast clouds
472,Ambanja,MG,-13.6833,48.45,83.82,72,100,5.17,overcast clouds
473,Aklavik,CA,68.2191,-135.0107,-8.23,97,13,5.08,few clouds
474,Jiangyou,CN,31.7667,104.7167,62.92,58,100,3.6,moderate rain
475,Kamien Pomorski,PL,53.9685,14.7726,53.96,47,72,8.66,broken clouds
476,Mutare,ZW,-18.9707,32.6709,75.07,56,79,4.65,broken clouds
477,Padang,ID,-0.9492,100.3543,80.65,86,100,2.98,overcast clouds
478,Kruisfontein,ZA,-34.0033,24.7314,69.89,59,100,7.29,overcast clouds
479,Huanren,CN,41.2647,125.3667,53.06,34,1,3.44,clear sky
480,Kosonsoy,UZ,41.2561,71.5508,77.56,13,83,7.45,broken clouds
481,Kirakira,SB,-10.4544,161.9205,80.1,84,88,7.85,overcast clouds
482,Guerrero Negro,MX,27.9769,-114.0611,57.96,93,31,12.28,scattered clouds
483,Adelaide,AU,-34.9333,138.6,60.42,66,75,8.05,broken clouds
484,Millinocket,US,45.6573,-68.7098,33.91,69,0,6.91,clear sky
485,Volary,CZ,48.9088,13.8866,49.84,58,92,6.22,overcast clouds
486,Naze,JP,28.3667,129.4833,63.52,85,99,10.16,overcast clouds
487,Payakumbuh,ID,-0.2202,100.6308,71.19,97,100,1.14,overcast clouds
488,Bara,NG,10.3744,10.7288,91.69,38,97,8.97,overcast clouds
489,Homer,US,59.6425,-151.5483,38.8,75,100,5.01,overcast clouds
490,Jishou,CN,28.3167,109.7167,62.01,77,88,3.06,overcast clouds
491,Kankaanpaa,FI,61.8,22.4167,54.36,66,77,1.95,broken clouds
492,Alta Floresta,BR,-9.8756,-56.0861,70.47,97,90,2.98,moderate rain
493,San Lazaro,BZ,18.0387,-88.6622,70.72,95,12,0.49,few clouds
494,Sekoma,BW,-24.4,23.8833,75.31,40,0,7.34,clear sky
495,Honningsvag,NO,70.9821,25.9704,44.35,81,75,24.16,light intensity drizzle
496,Stephenville,US,32.2207,-98.2023,53.73,87,40,9.22,scattered clouds
497,Jaunjelgava,LV,56.6167,25.0833,51.91,36,87,7.31,overcast clouds
498,Oranjemund,NA,-28.55,16.4333,82.47,36,0,5.44,clear sky
499,Sechura,PE,-5.5569,-80.8222,67.15,79,77,7.4,broken clouds
500,Sitka,US,57.0531,-135.33,42.69,61,0,0.0,clear sky
501,Gizo,SB,-8.103,156.8419,82.62,75,94,4.18,light rain
502,Paita,PE,-5.0892,-81.1144,67.44,79,75,10.07,broken clouds
503,Choix,MX,26.7092,-108.3219,72.1,14,92,4.99,overcast clouds
504,Zwedru,LR,6.0667,-8.1281,84.2,62,78,2.62,light rain
505,Luganville,VU,-15.5333,167.1667,80.4,83,95,6.22,overcast clouds
506,Kerrville,US,30.0474,-99.1403,64.94,86,0,1.01,clear sky
507,Los Llanos De Aridane,ES,28.6585,-17.9182,69.55,64,20,16.11,few clouds
508,Glendive,US,47.1053,-104.7125,22.62,84,0,5.75,clear sky
509,Karratha,AU,-20.7377,116.8463,86.97,50,52,8.55,broken clouds
510,Quatre Cocos,MU,-20.2078,57.7625,82.09,81,44,11.81,moderate rain
511,Hofn,IS,64.2539,-15.2082,46.33,73,100,14.97,overcast clouds
512,Laguna,US,38.421,-121.4238,48.02,80,0,5.75,clear sky
513,Malinovoye Ozero,RU,51.6753,79.7825,73.54,19,100,8.05,overcast clouds
514,Kunming,CN,25.0389,102.7183,57.67,76,100,6.46,overcast clouds
515,Sampit,ID,-2.5333,112.95,81.75,78,88,3.74,overcast clouds
516,Ketchikan,US,55.3422,-131.6461,44.58,64,53,6.96,broken clouds
517,Hamilton,US,39.1834,-84.5333,39.31,90,100,8.05,moderate rain
518,Palmer,US,42.1584,-72.3287,36.18,90,0,0.0,clear sky
519,Kabanjahe,ID,3.1001,98.4908,66.33,96,100,2.46,light rain
520,Ahuimanu,US,21.4447,-157.8378,73.11,74,40,6.91,scattered clouds
521,Vilyuysk,RU,63.7553,121.6247,31.62,97,99,7.38,light snow
522,Olga,RU,43.7444,135.2892,41.49,72,96,3.51,overcast clouds
523,Ruteng,ID,-8.6136,120.4721,65.05,93,100,0.36,heavy intensity rain
524,Fuling,CN,29.7022,107.3919,62.13,75,100,1.68,overcast clouds
525,Pierre,US,44.3683,-100.351,24.28,77,0,10.0,clear sky
526,Porto Walter,BR,-8.2686,-72.7439,71.44,95,88,3.22,overcast clouds
527,Erzincan,TR,39.75,39.5,65.5,24,75,10.36,light rain
528,Bambanglipuro,ID,-7.95,110.2833,80.83,84,66,4.18,broken clouds
529,Alice Springs,AU,-23.7,133.8833,78.35,32,7,12.66,clear sky
530,Killybegs,IE,54.6333,-8.45,49.71,61,57,17.85,broken clouds
531,Nhulunbuy,AU,-12.2333,136.7667,77.61,94,75,4.61,broken clouds
532,Dingle,PH,10.9995,122.6711,78.48,83,9,7.27,clear sky
533,Salinas,US,36.6777,-121.6555,44.69,83,0,0.0,haze
534,San Jose,US,37.3394,-121.895,45.43,83,0,5.75,clear sky
535,Kahului,US,20.8947,-156.47,72.84,80,20,11.5,few clouds
536,Gayeri,BF,12.6497,0.4931,97.9,7,54,8.05,broken clouds
537,Fort Nelson,CA,58.8053,-122.7002,-2.61,84,0,2.3,clear sky
538,Myshkin,RU,57.7897,38.4545,47.66,46,14,2.93,few clouds
539,Makokou,GA,0.5738,12.8642,80.26,72,100,1.43,overcast clouds
540,Savalou,BJ,7.9281,1.9756,80.22,73,100,4.83,overcast clouds
541,Wanning,CN,18.8003,110.3967,76.5,86,66,8.41,broken clouds
542,Karlstad,SE,59.3793,13.5036,55.96,47,56,3.44,broken clouds
543,Dawei,MM,14.0833,98.2,82.92,79,80,1.3,broken clouds
544,Mendoza,AR,-32.8908,-68.8272,49.53,87,0,0.0,clear sky
545,Rupert,US,42.6191,-113.6772,28.35,93,0,0.0,clear sky
546,Yanam,IN,16.7333,82.2167,92.52,55,15,11.83,few clouds
547,Punta Alta,AR,-38.8759,-62.0736,56.75,77,25,10.29,scattered clouds
548,Pacific Grove,US,36.6177,-121.9166,44.42,90,100,1.01,overcast clouds
549,Rosarito,MX,32.3333,-117.0333,58.14,86,9,9.31,clear sky
550,Pedernales,DO,18.0384,-71.744,75.63,79,100,11.32,overcast clouds
551,Zelenets,RU,61.8849,50.7489,48.45,73,90,6.53,overcast clouds
552,Jimenez,MX,28.3333,-105.4,63.07,10,33,4.68,scattered clouds
553,Pochutla,MX,15.7432,-96.4661,73.81,74,41,1.86,scattered clouds
554,Chanika,TZ,-5.4167,38.0167,82.38,58,50,7.16,scattered clouds
555,Praia,CV,14.9215,-23.5087,77.54,57,40,19.57,scattered clouds
556,Shelburne,CA,44.0787,-80.2041,29.75,77,26,5.97,scattered clouds
557,Iskateley,RU,67.6803,53.1512,32.47,100,100,6.2,overcast clouds
558,Mao,ES,39.8885,4.2658,68.56,40,0,5.75,clear sky
559,Fairbanks,US,64.8378,-147.7164,21.2,60,0,8.05,clear sky
560,Mayor Pablo Lagerenza,PY,-19.9309,-60.7718,59.79,62,0,4.27,clear sky
561,Samarai,PG,-10.6167,150.6667,80.1,83,100,10.67,overcast clouds
562,Rancho Palos Verdes,US,33.7445,-118.387,57.99,90,21,1.99,few clouds
563,Assare,BR,-6.8744,-39.875,73.04,92,85,0.85,light rain
564,Socorro,US,31.6546,-106.3033,70.11,13,0,0.0,clear sky
565,Waingapu,ID,-9.6567,120.2641,81.39,78,79,4.79,broken clouds
566,Newberg,US,45.3001,-122.9732,49.1,77,100,4.61,overcast clouds
567,Nemuro,JP,43.3236,145.575,39.63,83,100,3.44,overcast clouds
568,Nantucket,US,41.2835,-70.0995,44.71,67,0,6.91,clear sky
569,Paraiso,CR,9.8383,-83.8656,62.42,95,100,1.01,overcast clouds
570,Eydhafushi,MV,5.1033,73.0708,84.58,70,82,8.7,broken clouds
571,Shunyi,CN,40.125,116.6453,67.95,34,4,4.47,clear sky
572,Tres Palos,MX,18.1833,-101.6167,68.18,59,56,1.72,broken clouds
573,Presidencia Roque Saenz Pena,AR,-26.7852,-60.4388,55.74,93,0,2.8,clear sky
574,Necochea,AR,-38.5473,-58.7368,54.95,91,74,10.27,broken clouds
575,Churapcha,RU,62.0025,132.4325,30.2,78,100,12.86,overcast clouds
576,Svobodnyy,RU,51.4,128.1333,41.59,87,100,7.85,overcast clouds
577,Rawson,AR,-43.3002,-65.1023,59.77,55,87,12.88,overcast clouds
578,Natal,BR,-5.795,-35.2094,81.25,89,40,4.61,scattered clouds
579,Byron Bay,AU,-28.65,153.6167,61.95,76,17,3.22,few clouds
580,Buraydah,SA,26.326,43.975,90.05,7,73,3.83,broken clouds
581,Namtsy,RU,62.7161,129.6658,31.95,80,100,9.1,overcast clouds
582,Haimen,CN,23.1935,116.6142,67.89,74,85,5.3,overcast clouds
583,Almeirim,BR,-1.5233,-52.5817,75.61,93,100,2.39,overcast clouds
584,Shalazhi,RU,43.0978,45.3608,65.55,31,100,4.16,overcast clouds
585,Camacupa,AO,-12.0167,17.4833,72.23,78,82,7.0,moderate rain
586,Usogorsk,RU,63.4106,48.6872,36.99,84,100,4.32,overcast clouds
587,Boddam,GB,57.4667,-1.7833,55.78,84,99,17.07,overcast clouds
588,Tabas,IR,33.5959,56.9244,75.42,20,100,9.22,overcast clouds
589,Marsh Harbour,BS,26.5412,-77.0636,75.51,80,68,11.7,broken clouds
590,Lompoc,US,34.6391,-120.4579,47.79,86,0,14.0,clear sky
591,Svatove,UA,49.4103,38.1503,56.93,76,100,6.85,light rain
592,Totma,RU,59.9747,42.7642,39.65,89,100,4.43,light rain
593,Bosobolo,CD,4.1833,19.9,83.52,64,100,3.67,overcast clouds
594,Point Pedro,LK,9.8167,80.2333,87.01,71,43,12.55,scattered clouds
595,Pekan Nenas,MY,1.51,103.5141,84.24,94,100,4.74,heavy intensity rain
596,Mormugao,IN,15.4,73.8,85.06,60,3,15.3,clear sky
597,Lamar,US,33.6668,-95.5836,53.51,82,100,8.05,overcast clouds
598,Marsa Matruh,EG,31.3525,27.2453,68.07,60,97,12.55,overcast clouds
599,Le Mans,FR,48.0,0.2,60.73,67,75,4.61,broken clouds
600,Panguna,PG,-6.3164,155.4848,69.06,95,100,2.01,overcast clouds
601,Jasper,US,37.2001,-94.3502,39.67,83,100,6.91,overcast clouds
602,Humaita,BR,-7.5061,-63.0208,74.1,96,100,1.61,overcast clouds
603,Kanniyakumari,IN,8.0833,77.5667,86.36,71,91,19.51,overcast clouds
604,Kamaishi,JP,39.2667,141.8833,50.27,91,100,7.09,light rain
605,Evanston,US,42.0411,-87.6901,35.96,93,100,4.61,light snow
606,Male,MV,4.1748,73.5089,84.54,66,63,7.96,broken clouds
607,Waddan,LY,29.1614,16.139,78.48,20,0,13.49,clear sky
608,Sibolga,ID,1.7427,98.7792,77.32,92,100,3.85,light rain
609,Satun,TH,6.8333,100.0,86.0,77,100,4.99,overcast clouds
610,Daugavpils,LV,55.8833,26.5333,49.96,41,60,10.76,broken clouds
611,Mirador,BR,-6.3708,-44.3631,75.92,92,100,0.67,overcast clouds
612,Pitimbu,BR,-7.4706,-34.8086,82.99,65,84,7.56,broken clouds
613,Harper,LR,4.375,-7.7169,82.11,73,82,3.56,broken clouds
614,Igarka,RU,67.4667,86.5833,21.09,89,100,13.76,light snow
615,Wajir,KE,1.7471,40.0573,89.47,46,99,7.92,light rain
616,Yerbogachen,RU,61.2767,108.0108,27.43,75,100,15.73,overcast clouds
617,Elliot,ZA,-31.3333,27.85,61.56,55,63,5.59,broken clouds
618,Paramonga,PE,-10.6667,-77.8333,65.35,90,55,6.42,broken clouds
619,Evensk,RU,61.95,159.2333,24.69,96,100,1.39,overcast clouds
620,Nishihara,JP,26.1842,127.7558,70.88,69,100,4.61,overcast clouds
621,Llangefni,GB,53.2556,-4.3106,54.66,76,20,13.8,few clouds
622,Nouadhibou,MR,20.931,-17.0347,71.58,68,48,10.36,scattered clouds
623,Malindi,KE,-3.2175,40.1191,86.74,64,66,17.92,broken clouds
624,Vestmannaeyjar,IS,63.4427,-20.2734,45.59,76,0,12.66,clear sky
625,Santa Barbara,US,34.7333,-120.0343,52.0,97,100,0.0,fog
626,Finnsnes,NO,69.2296,17.9811,45.21,93,100,5.73,overcast clouds
627,Whyalla,AU,-33.0333,137.5833,62.49,72,75,11.5,broken clouds
628,Manono,CD,-7.3,27.4167,87.82,50,1,7.16,clear sky
629,Ipixuna,BR,-1.7625,-48.8043,75.24,94,93,0.89,overcast clouds
630,Kulhudhuffushi,MV,6.6221,73.07,84.72,69,12,5.21,few clouds
631,Duluth,US,46.7833,-92.1066,33.33,95,100,3.44,mist
632,Asau,RO,46.4333,26.4,47.95,45,94,7.05,overcast clouds
633,Roebourne,AU,-20.7833,117.1333,87.49,47,56,7.18,broken clouds
634,Leua,SK,48.2156,18.6071,56.5,41,42,4.54,scattered clouds
635,Tiznit,MA,29.5833,-9.5,83.12,13,100,6.15,overcast clouds
636,Kirgiz-Miyaki,RU,53.6324,54.7979,61.84,49,56,9.33,broken clouds
637,Sao Francisco Do Sul,BR,-26.2433,-48.6381,64.31,100,40,0.0,scattered clouds
638,Monrovia,LR,6.3005,-10.7969,89.37,68,100,3.74,overcast clouds
639,Yabelo,ET,4.8833,38.0833,76.28,41,91,5.66,overcast clouds
640,Lagdo,CM,9.05,13.7333,95.04,37,99,8.19,overcast clouds
641,Dicabisagan,PH,17.0818,122.4157,77.09,85,66,5.79,broken clouds
642,Henties Bay,NA,-22.116,14.2845,70.0,61,70,8.75,broken clouds
643,Beloha,MG,-25.1667,45.05,91.33,42,62,3.4,broken clouds
644,Sola,VU,-13.8833,167.55,82.99,73,86,14.56,overcast clouds
645,Puerto Leguizamo,CO,-0.1934,-74.7819,70.3,99,95,0.85,moderate rain
646,Digoin,FR,46.4812,3.9795,65.12,42,0,2.3,clear sky
647,Port Macquarie,AU,-31.4333,152.9167,61.9,80,82,5.88,broken clouds
648,Basco,PH,20.4487,121.9702,77.77,72,33,14.61,scattered clouds
649,Amahai,ID,-3.3333,128.9167,80.38,84,84,4.16,broken clouds
650,Ifakara,TZ,-8.1333,36.6833,85.5,64,30,2.8,light rain
651,Shar,KZ,49.5886,81.0453,72.9,17,100,13.0,overcast clouds
652,Mporokoso,ZM,-9.3727,30.125,77.09,58,14,7.99,few clouds
653,Turhal,TR,40.3875,36.0811,86.25,27,57,25.1,broken clouds
654,Summerville,US,33.0185,-80.1757,66.79,97,100,6.91,light rain
655,Loviisa,FI,60.4566,26.2251,53.29,77,100,3.31,overcast clouds
656,Tigil,RU,57.8,158.6667,24.66,96,100,8.55,light snow
657,Ulaanbaatar,MN,47.9077,106.8832,64.53,12,0,11.18,clear sky
658,Bremerton,US,47.5673,-122.6326,49.03,89,100,0.0,moderate rain
659,Vero Beach,US,27.6386,-80.3973,75.0,91,0,0.0,mist
660,Bukene,TZ,-4.2333,32.8833,83.91,42,85,9.1,overcast clouds
661,Terrasini,IT,38.146,13.0844,61.72,62,20,8.05,few clouds
662,Puerto Baquerizo Moreno,EC,-0.9,-89.6,73.38,92,100,8.05,overcast clouds
663,Ternate,ID,0.8,127.4,82.4,77,81,4.21,broken clouds
664,Sena Madureira,BR,-9.0656,-68.6569,70.14,96,46,4.16,scattered clouds
665,Ullapool,GB,57.8987,-5.1604,51.35,62,100,17.25,overcast clouds
666,Eyl,SO,7.9803,49.8164,90.27,55,16,15.41,few clouds
667,Santa Maria,BR,-29.6842,-53.8069,57.16,91,22,3.36,few clouds
668,Gangapur,IN,26.4833,76.7167,109.44,6,2,11.01,clear sky
669,San Juan,AR,-31.5375,-68.5364,59.2,55,0,3.58,clear sky
670,Mariental,NA,-24.6333,17.9667,82.47,29,8,7.72,clear sky
671,Latung,PH,5.5,120.8833,83.77,75,48,7.07,scattered clouds
672,Takoradi,GH,4.8845,-1.7554,83.89,71,100,8.75,light rain
673,Qaqortoq,GL,60.7167,-46.0333,31.21,74,7,5.21,clear sky
674,Soledade,BR,-28.8183,-52.5103,52.7,86,85,5.41,overcast clouds
675,Tabou,CI,4.423,-7.3528,80.71,77,95,2.75,light rain
676,Maldonado,UY,-34.6667,-54.9167,58.23,88,100,4.9,overcast clouds
677,Labuhan,ID,-6.8844,112.2051,83.14,74,71,5.75,broken clouds
678,Beihai,CN,21.4833,109.1,61.7,88,100,15.99,overcast clouds
679,Oranjestad,AW,12.524,-70.027,80.55,78,20,20.71,few clouds
680,Puri,IN,19.8,85.85,91.92,84,5,24.09,clear sky
681,Karatuzskoye,RU,53.6072,92.8667,57.92,66,98,8.46,overcast clouds
682,Swakopmund,NA,-22.6833,14.5333,81.45,66,64,7.49,broken clouds
683,Goedereede,NL,51.8175,3.9806,67.98,60,77,6.85,broken clouds
684,Solnechnyy,RU,50.7214,136.6319,27.34,94,89,4.76,overcast clouds
685,Kamenka,RU,51.3223,42.7678,62.78,49,100,13.09,overcast clouds
686,Labuan,MY,5.2767,115.2417,84.56,84,20,5.75,few clouds
687,Vieste,IT,41.8825,16.175,54.32,46,76,23.53,broken clouds
688,Flic En Flac,MU,-20.2742,57.3631,83.52,74,23,12.24,light rain
689,Iberia,US,29.9502,-91.7507,68.07,88,75,6.91,broken clouds
690,Fare,PF,-16.7,-151.0167,80.49,74,28,9.08,light rain
